[
{
  "model": "skillsmatrix.skill",
  "pk": 1,
  "fields": {
    "name": "AngularJS",
    "difficulty": 3,
    "family": "Frontend"
  }
},
{
  "model": "skillsmatrix.skill",
  "pk": 2,
  "fields": {
    "name": "PostgreSQL",
    "difficulty": 2,
    "family": "Database"
  }
},
{
  "model": "skillsmatrix.skill",
  "pk": 3,
  "fields": {
    "name": "MySQL",
    "difficulty": 2,
    "family": "Database"
  }
},
{
  "model": "skillsmatrix.skill",
  "pk": 4,
  "fields": {
    "name": "Oracle DB",
    "difficulty": 3,
    "family": "Database"
  }
},
{
  "model": "skillsmatrix.skill",
  "pk": 5,
  "fields": {
    "name": "MongoDB",
    "difficulty": 2,
    "family": "Database"
  }
},
{
  "model": "skillsmatrix.skill",
  "pk": 6,
  "fields": {
    "name": "Ember.js",
    "difficulty": 2,
    "family": "Frontend"
  }
},
{
  "model": "skillsmatrix.skill",
  "pk": 7,
  "fields": {
    "name": "Google Material",
    "difficulty": 1,
    "family": "Frontend"
  }
},
{
  "model": "skillsmatrix.skill",
  "pk": 8,
  "fields": {
    "name": "Bootstrap",
    "difficulty": 1,
    "family": "Frontend"
  }
},
{
  "model": "skillsmatrix.skill",
  "pk": 9,
  "fields": {
    "name": "jQuery",
    "difficulty": 1,
    "family": "Frontend"
  }
},
{
  "model": "skillsmatrix.skill",
  "pk": 10,
  "fields": {
    "name": "SemanticUI",
    "difficulty": 2,
    "family": "Frontend"
  }
},
{
  "model": "skillsmatrix.skill",
  "pk": 11,
  "fields": {
    "name": "Django",
    "difficulty": 2,
    "family": "Backend"
  }
},
{
  "model": "skillsmatrix.skill",
  "pk": 12,
  "fields": {
    "name": "Drupal",
    "difficulty": 3,
    "family": "Backend"
  }
},
{
  "model": "skillsmatrix.skill",
  "pk": 13,
  "fields": {
    "name": "Joomla",
    "difficulty": 2,
    "family": "Backend"
  }
},
{
  "model": "skillsmatrix.skill",
  "pk": 14,
  "fields": {
    "name": "Node.js",
    "difficulty": 3,
    "family": "Backend"
  }
},
{
  "model": "skillsmatrix.skill",
  "pk": 15,
  "fields": {
    "name": "Varnish",
    "difficulty": 3,
    "family": "Cache"
  }
},
{
  "model": "skillsmatrix.skill",
  "pk": 16,
  "fields": {
    "name": "Redis",
    "difficulty": 3,
    "family": "Cache"
  }
},
{
  "model": "skillsmatrix.skill",
  "pk": 17,
  "fields": {
    "name": "Swift",
    "difficulty": 3,
    "family": "Mobile Development"
  }
},
{
  "model": "skillsmatrix.skill",
  "pk": 18,
  "fields": {
    "name": "PhoneGap",
    "difficulty": 2,
    "family": "Mobile Development"
  }
},
{
  "model": "skillsmatrix.skill",
  "pk": 19,
  "fields": {
    "name": "Go",
    "difficulty": 2,
    "family": "Language"
  }
},
{
  "model": "skillsmatrix.skill",
  "pk": 20,
  "fields": {
    "name": "Python",
    "difficulty": 2,
    "family": "Language"
  }
},
{
  "model": "skillsmatrix.skill",
  "pk": 21,
  "fields": {
    "name": "Git",
    "difficulty": 3,
    "family": "Version Control"
  }
},
{
  "model": "skillsmatrix.developer",
  "pk": 1,
  "fields": {
    "user": [
      "avyushko"
    ],
    "manager": "Caleb",
    "title": "Lead Developer",
    "phone": "phone",
    "is_manager": true
  }
},
{
  "model": "skillsmatrix.developer",
  "pk": 2,
  "fields": {
    "user": [
      "aaguilar"
    ],
    "manager": "Rob",
    "title": "Research Programmer",
    "phone": "phone",
    "is_manager": false
  }
},
{
  "model": "skillsmatrix.developer",
  "pk": 3,
  "fields": {
    "user": [
      "ecaldwe1"
    ],
    "manager": "David",
    "title": "Research Programmer",
    "phone": "phone",
    "is_manager": false
  }
},
{
  "model": "skillsmatrix.developer",
  "pk": 4,
  "fields": {
    "user": [
      "bfox6"
    ],
    "manager": "David",
    "title": "Research Programmer",
    "phone": "phone",
    "is_manager": false
  }
},
{
  "model": "skillsmatrix.developer",
  "pk": 5,
  "fields": {
    "user": [
      "creinkin"
    ],
    "manager": "Jarek",
    "title": "Assistant Director Software Development",
    "phone": "phone",
    "is_manager": false
  }
},
{
  "model": "skillsmatrix.developer",
  "pk": 7,
  "fields": {
    "user": [
      "dpettifo"
    ],
    "manager": "Caleb",
    "title": "Lead Developer",
    "phone": "phone",
    "is_manager": true
  }
},
{
  "model": "skillsmatrix.developer",
  "pk": 10,
  "fields": {
    "user": [
      "khostetl"
    ],
    "manager": "Alex",
    "title": "Associate Research Programmer",
    "phone": "phone",
    "is_manager": false
  }
},
{
  "model": "skillsmatrix.developer",
  "pk": 11,
  "fields": {
    "user": [
      "rwieck"
    ],
    "manager": "Caleb",
    "title": "Lead Developer",
    "phone": "phone",
    "is_manager": true
  }
},
{
  "model": "skillsmatrix.developer",
  "pk": 12,
  "fields": {
    "user": [
      "snjoroge"
    ],
    "manager": "Dave",
    "title": "Senior Research Programmer",
    "phone": "phone",
    "is_manager": false
  }
},
{
  "model": "skillsmatrix.developer",
  "pk": 13,
  "fields": {
    "user": [
      "sszakony"
    ],
    "manager": "Rob",
    "title": "Research Programmer",
    "phone": "phone",
    "is_manager": false
  }
},
{
  "model": "skillsmatrix.developer",
  "pk": 14,
  "fields": {
    "user": [
      "jolson6"
    ],
    "manager": "David",
    "title": "Associate Research Programmer",
    "phone": "phone",
    "is_manager": false
  }
},
{
  "model": "skillsmatrix.developer",
  "pk": 15,
  "fields": {
    "user": [
      "abrinckm"
    ],
    "manager": "Alex",
    "title": "Research Programmer",
    "phone": "phone",
    "is_manager": false
  }
},
{
  "model": "skillsmatrix.developerskill",
  "pk": 1,
  "fields": {
    "developer": 1,
    "skill": 2,
    "proficiency": 2,
    "years_of_experience": 5
  }
},
{
  "model": "skillsmatrix.developerskill",
  "pk": 2,
  "fields": {
    "developer": 1,
    "skill": 11,
    "proficiency": 3,
    "years_of_experience": 4
  }
},
{
  "model": "skillsmatrix.developerskill",
  "pk": 3,
  "fields": {
    "developer": 1,
    "skill": 13,
    "proficiency": 2,
    "years_of_experience": 1
  }
},
{
  "model": "skillsmatrix.developerskill",
  "pk": 4,
  "fields": {
    "developer": 1,
    "skill": 20,
    "proficiency": 2,
    "years_of_experience": 3
  }
},
{
  "model": "skillsmatrix.developerskill",
  "pk": 5,
  "fields": {
    "developer": 2,
    "skill": 11,
    "proficiency": 2,
    "years_of_experience": 2
  }
},
{
  "model": "skillsmatrix.developerskill",
  "pk": 6,
  "fields": {
    "developer": 2,
    "skill": 12,
    "proficiency": 2,
    "years_of_experience": 3
  }
},
{
  "model": "skillsmatrix.developerskill",
  "pk": 7,
  "fields": {
    "developer": 11,
    "skill": 15,
    "proficiency": 1,
    "years_of_experience": 0
  }
},
{
  "model": "skillsmatrix.developerskill",
  "pk": 8,
  "fields": {
    "developer": 11,
    "skill": 16,
    "proficiency": 1,
    "years_of_experience": 0
  }
},
{
  "model": "skillsmatrix.developerskill",
  "pk": 9,
  "fields": {
    "developer": 12,
    "skill": 16,
    "proficiency": 1,
    "years_of_experience": 0
  }
},
{
  "model": "skillsmatrix.developerskill",
  "pk": 10,
  "fields": {
    "developer": 7,
    "skill": 20,
    "proficiency": 3,
    "years_of_experience": 5
  }
},
{
  "model": "skillsmatrix.developerskill",
  "pk": 11,
  "fields": {
    "developer": 5,
    "skill": 2,
    "proficiency": 2,
    "years_of_experience": 2
  }
},
{
  "model": "skillsmatrix.developerskill",
  "pk": 12,
  "fields": {
    "developer": 7,
    "skill": 2,
    "proficiency": 3,
    "years_of_experience": 4
  }
},
{
  "model": "skillsmatrix.developerskill",
  "pk": 13,
  "fields": {
    "developer": 3,
    "skill": 11,
    "proficiency": 2,
    "years_of_experience": 1
  }
},
{
  "model": "skillsmatrix.developerskill",
  "pk": 15,
  "fields": {
    "developer": 10,
    "skill": 11,
    "proficiency": 2,
    "years_of_experience": 1
  }
},
{
  "model": "skillsmatrix.developerskill",
  "pk": 16,
  "fields": {
    "developer": 12,
    "skill": 5,
    "proficiency": 2,
    "years_of_experience": 1
  }
},
{
  "model": "skillsmatrix.developerskill",
  "pk": 17,
  "fields": {
    "developer": 12,
    "skill": 3,
    "proficiency": 2,
    "years_of_experience": 3
  }
},
{
  "model": "skillsmatrix.developerskill",
  "pk": 18,
  "fields": {
    "developer": 12,
    "skill": 10,
    "proficiency": 1,
    "years_of_experience": 1
  }
},
{
  "model": "skillsmatrix.developerskill",
  "pk": 19,
  "fields": {
    "developer": 12,
    "skill": 7,
    "proficiency": 1,
    "years_of_experience": 1
  }
},
{
  "model": "skillsmatrix.developerskill",
  "pk": 21,
  "fields": {
    "developer": 13,
    "skill": 12,
    "proficiency": 2,
    "years_of_experience": 2
  }
},
{
  "model": "skillsmatrix.developerskill",
  "pk": 24,
  "fields": {
    "developer": 4,
    "skill": 9,
    "proficiency": 2,
    "years_of_experience": 1
  }
},
{
  "model": "skillsmatrix.developerskill",
  "pk": 25,
  "fields": {
    "developer": 4,
    "skill": 11,
    "proficiency": 2,
    "years_of_experience": 2
  }
},
{
  "model": "skillsmatrix.developerskill",
  "pk": 26,
  "fields": {
    "developer": 4,
    "skill": 8,
    "proficiency": 1,
    "years_of_experience": 1
  }
},
{
  "model": "skillsmatrix.developerskill",
  "pk": 27,
  "fields": {
    "developer": 3,
    "skill": 1,
    "proficiency": 2,
    "years_of_experience": 1
  }
},
{
  "model": "skillsmatrix.developerskill",
  "pk": 28,
  "fields": {
    "developer": 10,
    "skill": 9,
    "proficiency": 2,
    "years_of_experience": 1
  }
},
{
  "model": "skillsmatrix.developerskill",
  "pk": 29,
  "fields": {
    "developer": 13,
    "skill": 2,
    "proficiency": 2,
    "years_of_experience": 1
  }
},
{
  "model": "skillsmatrix.developerskill",
  "pk": 30,
  "fields": {
    "developer": 14,
    "skill": 11,
    "proficiency": 2,
    "years_of_experience": 1
  }
},
{
  "model": "skillsmatrix.developerskill",
  "pk": 31,
  "fields": {
    "developer": 14,
    "skill": 21,
    "proficiency": 3,
    "years_of_experience": 2
  }
},
{
  "model": "skillsmatrix.developerskill",
  "pk": 33,
  "fields": {
    "developer": 3,
    "skill": 3,
    "proficiency": 2,
    "years_of_experience": 3
  }
},
{
  "model": "skillsmatrix.developerskill",
  "pk": 34,
  "fields": {
    "developer": 3,
    "skill": 8,
    "proficiency": 3,
    "years_of_experience": 2
  }
},
{
  "model": "skillsmatrix.developerskill",
  "pk": 35,
  "fields": {
    "developer": 3,
    "skill": 5,
    "proficiency": 3,
    "years_of_experience": 1
  }
},
{
  "model": "skillsmatrix.developerskill",
  "pk": 36,
  "fields": {
    "developer": 3,
    "skill": 7,
    "proficiency": 2,
    "years_of_experience": 1
  }
},
{
  "model": "skillsmatrix.developerskill",
  "pk": 37,
  "fields": {
    "developer": 3,
    "skill": 21,
    "proficiency": 2,
    "years_of_experience": 2
  }
},
{
  "model": "skillsmatrix.developerskill",
  "pk": 38,
  "fields": {
    "developer": 3,
    "skill": 14,
    "proficiency": 1,
    "years_of_experience": 1
  }
}
]
